"Region","Group","Start","End","Incidents","Kills","Duration"
"Australasia & Oceania","Bougainville Revolutionary Army (BRA)",1989-11-30,1997-06-04,21,20,2743
"Australasia & Oceania","Kanak Socialist National Liberation Front",1984-11-18,1988-04-27,5,4,1256
"Australasia & Oceania","September 11",2001-12-01,2003-03-28,4,0,482
"Australasia & Oceania","Kanak Separatists",1988-05-05,1988-06-06,3,18,32
"Australasia & Oceania","Animal Liberation Front (ALF)",2014-02-07,2014-12-02,2,0,298
"Australasia & Oceania","Anti-Government Rebels",2000-07-01,2000-07-27,2,0,26
"Australasia & Oceania","Croatian Nationalists",1970-10-21,1972-09-17,2,0,697
"Australasia & Oceania","Free Papua Movement (OPM-Organisasi Papua Merdeka)",1990-11-18,1995-10-27,2,0,1804
"Australasia & Oceania","Informal Anarchist Federation",2014-05-18,2014-05-18,2,0,0
"Australasia & Oceania","Kanakas",1984-11-17,1984-11-29,2,1,12
"Australasia & Oceania","National Committee Against Independence (CNCI)",1984-12-31,1988-05-03,2,0,1219
"Australasia & Oceania","Vanuatu Mobile Force (VMF)",1996-10-12,1996-11-08,2,0,27
"Australasia & Oceania","Anarchists",2014-02-24,2014-02-24,1,0,0
"Australasia & Oceania","Anti-Nuclear Group",1995-09-06,1995-09-06,1,0,0
"Australasia & Oceania","Combat 18",2010-02-04,2010-02-04,1,0,0
"Australasia & Oceania","Greek Bulgarian Armenian Front",1986-11-23,1986-11-23,1,1,0
"Australasia & Oceania","Guadalcanal Liberation Army",1999-06-12,1999-06-12,1,2,0
"Australasia & Oceania","Isatabu Freedom Movement (IFM)",2000-09-17,2000-09-17,1,0,0
"Australasia & Oceania","Lufa Tribesmen",1996-10-06,1996-10-06,1,2,0
"Australasia & Oceania","Pacific Popular Front",1995-06-17,1995-06-17,1,0,0
"Australasia & Oceania","Palestine Liberation Organization (PLO)",1982-12-23,1982-12-23,1,0,0
"Australasia & Oceania","Paupa New Guinea Troops",1994-10-16,1994-10-16,1,0,0
"Australasia & Oceania","Secessionists",1980-06-30,1980-06-30,1,0,0
"Australasia & Oceania","U/I Asian Gang",1994-09-05,1994-09-05,1,0,0
"Australasia & Oceania","Zapatista National Liberation Army",1994-01-28,1994-01-28,1,0,0
"Central America & Caribbean","Farabundo Marti National Liberation Front (FMLN)",1978-11-17,1994-11-01,2129,2323,5828
"Central America & Caribbean","Nicaraguan Democratic Force (FDN)",1983-03-16,1987-06-19,317,1346,1556
"Central America & Caribbean","Sandinista National Liberation Front (FSLN)",1970-07-23,1996-11-16,160,120,9613
"Central America & Caribbean","People's Liberation Forces (FPL)",1977-04-19,1979-12-29,153,104,984
"Central America & Caribbean","Guerrilla Army of the Poor (EGP)",1975-12-12,1994-01-19,122,198,6613
"Central America & Caribbean","Nicaraguan Resistance",1987-04-12,1990-04-04,118,214,1088
"Central America & Caribbean","Guatemalan National Revolutionary Unity (URNG)",1983-12-19,1996-08-25,96,21,4633
"Central America & Caribbean","Death Squad",1980-05-01,1995-03-01,85,204,5417
"Central America & Caribbean","Revolutionary Organization of People in Arms (ORPA)",1979-09-17,1990-11-05,80,98,4067
"Central America & Caribbean","People's Revolutionary Army (ERP) (El Salvador)",1974-04-30,1979-12-19,63,38,2059
"Central America & Caribbean","Armed Forces of National Resistance (FARN)",1978-05-17,1979-12-11,36,16,573
"Central America & Caribbean","Lorenzo Zelaya Revolutionary Front (LZRF)",1980-10-31,1987-10-11,36,24,2536
"Central America & Caribbean","Popular Revolutionary Bloc (BPR)",1978-02-03,1982-01-12,36,32,1439
"Central America & Caribbean","Democratic Revolutionary Alliance (ARDE)",1983-05-06,1991-11-07,28,53,3107
"Central America & Caribbean","Rebel Armed Forces of Guatemala (FAR)",1970-03-06,1987-11-15,25,14,6463
"Central America & Caribbean","Patriotic Morazanista Front (FPM)",1988-10-15,1995-04-05,24,10,2363
"Central America & Caribbean","Caribbean Revolutionary Alliance (ARC)",1983-05-28,1985-01-05,22,0,588
"Central America & Caribbean","Guatemalan Labor Party (PGT)",1978-09-28,1990-10-22,21,8,4407
"Central America & Caribbean","Recontras",1991-04-12,1996-05-31,20,29,1876
"Central America & Caribbean","Secret Anti-Communist Army (ESA)",1978-10-20,1989-12-28,19,11,4087
"Central America & Caribbean","Cinchoneros Popular Liberation Movement",1981-01-26,1994-04-14,18,1,4826
"Central America & Caribbean","31 January People's Front (FP-31)",1981-04-28,1982-05-12,17,0,379
"Central America & Caribbean","20 December Movement (M-20)",1990-05-17,1992-11-06,15,1,904
"Central America & Caribbean","February 28 Popular League (El Salvador)",1979-12-01,1980-07-11,15,41,223
"Central America & Caribbean","Left-Wing Guerrillas",1979-05-15,1994-09-18,14,53,5605
"Central America & Caribbean","Maximiliano Gomez Revolutionary Brigade",1987-07-26,1988-04-06,14,7,255
"Central America & Caribbean","Misurasata Indian Organization",1983-03-30,1986-05-17,14,119,1144
"Central America & Caribbean","Union Guerrera Blanca (UGB)",1976-08-24,1980-02-10,14,18,1265
"Central America & Caribbean","United Popular Action Front (FAPU)",1978-10-31,1980-03-19,13,13,505
"Central America & Caribbean","Contras",1981-12-09,1983-01-16,11,30,403
"Central Asia","South Ossetian Separatists",2008-07-03,2010-03-27,10,1,632
"Central Asia","Azerbaijan Guerrillas",1992-03-05,1992-03-27,5,62,22
"Central Asia","Gunmen",2000-05-20,2002-11-25,4,2,919
"Central Asia","People's Democratic Army",1992-12-12,1992-12-13,4,0,1
"Central Asia","Supporters of Ex-President Gamsakhurdial",1992-02-21,1992-07-06,4,0,136
"Central Asia","Islamic Jihad Group (IJG)",2004-07-30,2004-07-30,3,7,0
"Central Asia","White Legion (Georgia)",1997-08-19,1998-07-15,3,18,330
"Central Asia","Abkhazian Separatists",1992-12-02,2008-07-09,2,8,5698
"Central Asia","Armenian Guerrillas",1992-01-28,1992-03-13,2,97,45
"Central Asia","Forest Brothers",2008-08-22,2009-06-18,2,2,300
"Central Asia","Georgian Militants",1991-09-06,1992-05-20,2,32,257
"Central Asia","Islamic Jihad Union (Uzbekistan)",2009-05-26,2009-05-26,2,3,0
"Central Asia","Rizvon Sadirov Group",1997-08-29,1997-11-18,2,1,81
"Central Asia","Soldiers of the Caliphate",2011-10-31,2011-10-31,2,1,0
"Central Asia","Abkhazian guerrillas",2009-10-21,2009-10-21,1,0,0
"Central Asia","Algeisk Wolves",1995-04-09,1995-04-09,1,0,0
"Central Asia","Georgian guerrillas",1992-08-08,1992-08-08,1,0,0
"Central Asia","Hizb al-Tahrir al-Islami (HT)",2005-06-13,2005-06-13,1,0,0
"Central Asia","Islamic Movement of Uzbekistan (IMU)",2010-09-03,2010-09-03,1,4,0
"Central Asia","Muslim Fundamentalists",2015-11-19,2015-11-19,1,1,0
"Central Asia","Muslim Militants",1995-04-14,1995-04-14,1,1,0
"Central Asia","Opposition Group",1992-05-15,1992-05-15,1,0,0
"Central Asia","Sandval (union) Movement",1994-06-14,1994-06-14,1,0,0
"Central Asia","Separatists",1999-07-09,1999-07-09,1,0,0
"Central Asia","South Ossetian Extremists",1991-08-09,1991-08-09,1,0,0
"Central Asia","Tolib Ayombekov loyalists",2012-07-21,2012-07-21,1,1,0
"Central Asia","Uighur Liberation Organization",2000-09-24,2000-09-24,1,2,0
"Central Asia","Yekbun",2014-11-26,2014-11-26,1,0,0
"Central Asia","Zviadists",1998-02-20,1998-02-20,1,0,0
"East Asia","Uighur Separatists",1996-07-20,2015-09-18,82,375,6999
"East Asia","Chukakuha (Middle Core Faction)",1978-05-12,2000-08-26,60,2,8142
"East Asia","Revolutionary Workers' Council (Kakurokyo)",1978-07-20,2003-03-12,20,4,9001
"East Asia","East Asia Anti Japanese Armed Front",1975-02-28,1976-03-02,12,2,368
"East Asia","Eastern Turkistan Islamic Movement (ETIM)",2008-05-05,2014-07-28,8,113,2275
"East Asia","Aum Shinri Kyo",1990-04-15,1995-05-16,7,21,1857
"East Asia","Tribal Battlefront",1977-01-01,1978-10-01,6,0,638
"East Asia","Senki (""Battle Flag"")",1983-07-01,1986-03-25,5,0,998
"East Asia","14 K Triad",1998-05-08,1998-05-11,4,0,3
"East Asia","Seikijuku",1990-01-18,1991-03-01,3,0,407
"East Asia","League of Communists",1982-09-07,1982-09-17,2,0,10
"East Asia","Maruseido (Marxist Youth League)",1974-11-14,1974-11-22,2,0,8
"East Asia","Muslim Separatists",1992-02-05,1996-05-10,2,6,1556
"East Asia","Sekihotai",1988-08-10,1990-05-17,2,0,645
"East Asia","Student Radicals",1986-12-15,1995-06-01,2,0,3090
"East Asia","Students",1995-05-16,1995-10-16,2,0,153
"East Asia","Turkestan Islamic Party",2008-07-21,2008-07-21,2,3,0
"East Asia","Airport Protesters",1978-03-26,1978-03-26,1,0,0
"East Asia","Anti-Imperialist Students Council",1978-08-03,1978-08-03,1,0,0
"East Asia","Anti-Narita Extremists",1995-03-03,1995-03-03,1,0,0
"East Asia","Association for the Enhancement of the Justice of the Great Japan",1992-04-13,1992-04-13,1,0,0
"East Asia","Chondaehyop (Radical Student Coalition)",1990-05-26,1990-05-26,1,0,0
"East Asia","Chonson Univ. students",1991-07-18,1991-07-18,1,0,0
"East Asia","Chukakuha Revolutionary Army",2001-01-23,2001-01-23,1,0,0
"East Asia","Dainihon Yokuko Doshikai",1979-03-31,1979-03-31,1,0,0
"East Asia","Democratic Progressive Party",1992-12-16,1992-12-16,1,0,0
"East Asia","Do-or-Die Corps for the Abolition of Anti-Public Taxation Systems",1990-05-11,1990-05-11,1,0,0
"East Asia","Great Japan Patriotic Party",1992-02-11,1992-02-11,1,0,0
"East Asia","Hanchongryun",1996-08-13,1996-08-13,1,0,0
"East Asia","Hiroyuki Jo",1995-04-23,1995-04-23,1,1,0
"East Asia","Hotaru (Firefly)",1988-03-21,1988-03-21,1,0,0
"East Asia","Issui Kai",1991-11-01,1991-11-01,1,0,0
"East Asia","Japan National Youth Alliance",1992-08-25,1992-08-25,1,0,0
"East Asia","Japan Socialist Youth League of the Revolutionary Workers' Association",1986-06-19,1986-06-19,1,3,0
"East Asia","Japanese Independence Patriotic Party",1987-05-06,1987-05-06,1,1,0
"East Asia","Japanese Red Army (JRA)",1970-03-31,1970-03-31,1,0,0
"East Asia","Korean Youth League",1974-08-15,1974-08-15,1,1,0
"East Asia","Kyongbuk University Dental College Students",1991-11-01,1991-11-01,1,0,0
"East Asia","Muslims",1996-04-29,1996-04-29,1,4,0
"East Asia","Namchong-Nyon Students",1995-01-19,1995-01-19,1,0,0
"East Asia","Nara Red Army",1990-01-07,1990-01-07,1,0,0
"East Asia","National Defense Youth Corps",1978-12-17,1978-12-17,1,0,0
"East Asia","Radicals",1986-10-23,1986-10-23,1,0,0
"East Asia","Revolutionary Army",1978-05-26,1978-05-26,1,0,0
"East Asia","Revolutionary Force",2002-02-11,2002-02-11,1,0,0
"East Asia","Seiji Kesha Kokuyukai",1990-02-11,1990-02-11,1,0,0
"East Asia","Shonkonjuku Group",1991-08-16,1991-08-16,1,0,0
"East Asia","Sikh Extremists",1985-06-23,1985-06-23,1,2,0
"East Asia","Taihikai (Great Sadness)",1994-04-01,1994-04-01,1,0,0
"East Asia","Taikosha, right wing group",1991-07-22,1991-07-22,1,0,0
"East Asia","Tibetan separatists",2009-03-19,2009-03-19,1,1,0
"East Asia","Workers/Employees",1995-12-03,1995-12-03,1,4,0
"East Asia","Yamaguchi-Gumi Gang",1983-11-18,1983-11-18,1,0,0
"East Asia","Yokoku Seiwa-Kai",1992-03-20,1992-03-20,1,0,0
"Eastern Europe","Chechen Rebels",1995-06-14,2015-01-19,236,1329,7159
"Eastern Europe","Donetsk People's Republic",2014-04-12,2015-12-26,225,777,623
"Eastern Europe","Luhansk People's Republic",2014-04-29,2015-09-01,106,67,490
"Eastern Europe","Kosovo Liberation Army (KLA)",1996-02-11,2015-04-21,41,25,7009
"Eastern Europe","Caucasus Emirate",2008-04-13,2014-12-04,39,209,2426
"Eastern Europe","National Liberation Army (NLA) (Macedonia)",2001-01-22,2001-11-28,34,17,310
"Eastern Europe","Albanians",1999-02-13,2002-01-06,27,9,1058
"Eastern Europe","Muslim Fundamentalists",2012-04-28,2015-11-18,17,30,1299
"Eastern Europe","Gunmen",2000-04-25,2011-11-14,16,16,4220
"Eastern Europe","Riyadus-Salikhin Reconnaissance and Sabotage Battalion of Chechen Martyrs",2004-04-06,2011-03-09,10,412,2528
"Eastern Europe","Armed Forces of the Chechen Republic of Ichkeria",2005-06-10,2005-10-13,9,92,125
"Eastern Europe","Pro-Russia Militia",2014-02-27,2015-03-12,8,9,378
"Eastern Europe","Serbian guerrillas",1991-08-10,1992-08-17,8,17,373
"Eastern Europe","Dagestani Shari'ah Jamaat",2005-05-20,2010-06-06,5,13,1843
"Eastern Europe","Right Sector",2014-02-18,2015-07-11,5,51,508
"Eastern Europe","Albanian National Army (ANA)",2001-11-17,2003-09-24,4,2,676
"Eastern Europe","Islambouli Brigades of al-Qaida",2004-08-24,2004-09-05,4,111,12
"Eastern Europe","NVF",2009-07-26,2011-01-13,4,14,536
"Eastern Europe","Rebels",2000-12-17,2002-09-16,4,37,638
"Eastern Europe","Ukrainian Nationalist Group",2014-06-14,2015-11-21,4,3,525
"Eastern Europe","Armenian Nationalists",1990-03-24,1990-03-24,3,9,0
"Eastern Europe","Black Berets",1991-07-28,1991-08-19,3,7,22
"Eastern Europe","Croatian Nationalists",1972-01-26,1977-06-20,3,28,1972
"Eastern Europe","December 13 Independent Group",1990-06-07,1990-06-07,3,0,0
"Eastern Europe","Extraparliamentary Opposition (APO)",1970-05-05,1970-09-09,3,0,127
"Eastern Europe","Internationalist Cells",1988-04-30,1988-04-30,3,0,0
"Eastern Europe","Liberation Army for Presevo, Medvedja and Bujanovac (UCPMB)",2001-02-06,2012-05-17,3,0,4118
"Eastern Europe","Makhachkala Gang",2014-03-16,2015-03-15,3,0,364
"Eastern Europe","Red Army Faction (RAF)",1977-12-19,1985-02-14,3,0,2614
"Eastern Europe","Revolutionary Cells Network (SRN)",2015-06-23,2015-07-04,3,0,11
"Middle East & North Africa","Islamic State of Iraq and the Levant (ISIL)",2013-04-18,2015-12-31,2372,13503.33,987
"Middle East & North Africa","Kurdistan Workers' Party (PKK)",1987-06-30,2015-12-30,1114,2063,10410
"Middle East & North Africa","Al-Qaida in Iraq",2004-10-24,2013-04-06,580,3994.8,3086
"Middle East & North Africa","Al-Qaida in the Arabian Peninsula (AQAP)",2004-05-29,2015-12-31,530,1472.5,4233
"Middle East & North Africa","Huthi Extremists",2006-04-14,2015-12-31,428,1300,3548
"Middle East & North Africa","Palestinians",1970-04-25,2002-10-08,365,232,11854
"Middle East & North Africa","Hamas (Islamic Resistance Movement)",1989-09-20,2015-12-14,313,732,9581
"Middle East & North Africa","Al-Gama'at al-Islamiyya (IG)",1991-05-31,1998-07-14,257,489,2601
"Middle East & North Africa","Muslim Fundamentalists",1987-07-14,2015-12-31,252,369,10397
"Middle East & North Africa","Algerian Islamic Extremists",1998-01-14,2008-10-29,248,442,3941
"Middle East & North Africa","Hezbollah",1983-03-15,2015-05-21,231,419,11755
"Middle East & North Africa","Dev Sol",1979-07-24,1996-06-22,219,118,6178
"Middle East & North Africa","Armed Islamic Group (GIA)",1994-02-01,2005-08-16,202,1379,4214
"Middle East & North Africa","Palestinian Islamic Jihad (PIJ)",1990-04-06,2015-10-03,169,231,9311
"Middle East & North Africa","Al-Aqsa Martyrs Brigade",2000-10-30,2015-12-03,158,273,5512
"Middle East & North Africa","Al-Nusrah Front",2012-01-06,2015-11-15,155,1803,1409
"Middle East & North Africa","Islamic Salvation Front (FIS)",1992-01-30,1994-08-21,149,194,934
"Middle East & North Africa","Islamic State of Iraq (ISI)",2007-01-19,2011-08-15,143,1715,1669
"Middle East & North Africa","Palestinian Extremists",2012-08-26,2015-12-27,142,69,1218
"Middle East & North Africa","Salafist Group for Preaching and Fighting (GSPC)",1999-05-03,2008-06-01,138,364,3317
"Middle East & North Africa","Al-Qaida in the Islamic Maghreb (AQIM)",2007-01-28,2015-10-09,137,489,3176
"Middle East & North Africa","Tripoli Province of the Islamic State",2014-11-13,2015-12-30,128,150,412
"Middle East & North Africa","Sinai Province of the Islamic State",2014-11-11,2015-12-30,123,528,414
"Middle East & North Africa","Popular Front for the Liberation of Palestine (PFLP)",1970-03-29,2015-08-14,111,94,16574
"Middle East & North Africa","Islamist Extremists",1987-05-04,2010-06-24,97,881,8452
"Middle East & North Africa","Muslim Brotherhood",1979-07-10,2015-05-10,90,193,13088
"Middle East & North Africa","Mujahedin-e Khalq (MEK)",1972-05-31,2001-02-17,87,499,10489
"Middle East & North Africa","Palestine Liberation Organization (PLO)",1970-09-11,1995-05-03,71,213,9000
"Middle East & North Africa","Tribesmen",2005-12-21,2015-03-29,63,14,3385
"Middle East & North Africa","Barqa Province of the Islamic State",2014-11-04,2015-12-25,59,151,416
"North America","Anti-Abortion Activists",1977-02-23,2008-02-17,164,2,11316
"North America","Left-Wing Militants",1970-01-09,1972-10-25,121,3,1020
"North America","Fuerzas Armadas de Liberacion Nacional (FALN)",1974-06-14,1982-12-31,117,5,3122
"North America","New World Liberation Front (NWLF)",1970-04-13,1978-03-22,85,1,2900
"North America","Animal Liberation Front (ALF)",1987-04-16,2015-06-07,79,0,10279
"North America","Jewish Defense League (JDL)",1970-05-22,1986-11-26,74,4,6032
"North America","Earth Liberation Front (ELF)",1996-10-28,2011-06-29,70,0,5357
"North America","Black Nationalists",1970-01-01,1971-08-28,64,15,604
"North America","Student Radicals",1970-01-19,1972-05-27,61,0,859
"North America","Omega-7",1975-02-01,1983-10-12,54,3,3175
"North America","23rd of September Communist League",1970-01-01,1980-06-05,44,72,3808
"North America","Weather Underground, Weathermen",1970-02-21,1975-09-05,42,1,2022
"North America","White Extremists",1970-01-19,2004-04-01,35,3,12491
"North America","Macheteros",1978-10-02,1998-06-24,31,3,7205
"North America","Armed Revolutionary Independence Movement (MIRA)",1970-02-06,1973-02-15,30,0,1105
"North America","Chicano Liberation Front",1970-03-17,1975-03-10,30,2,1819
"North America","Black Liberation Army",1970-10-22,1984-03-28,28,17,4906
"North America","Black Panthers",1970-03-22,1972-10-26,24,6,949
"North America","Army of God",1982-05-29,1998-01-29,23,2,5724
"North America","Puerto Rican Nationalists",1970-03-15,1991-09-11,23,0,7850
"North America","Strikers",1970-01-12,1995-05-15,23,0,9254
"North America","United Freedom Front (UFF)",1975-10-04,1984-09-26,22,0,3280
"North America","Zapatista National Liberation Army",1988-07-26,2010-03-23,22,81,7910
"North America","Union of the People (UDP)",1977-09-13,1978-03-06,21,1,174
"North America","Ku Klux Klan",1970-03-09,1995-06-21,20,7,9235
"North America","Zebra killers",1973-10-20,1974-04-16,20,15,178
"North America","Cuban Exiles",1970-04-15,1996-07-11,19,0,9584
"North America","Independent Armed Revolutionary Commandos (CRIA)",1976-12-01,1977-03-31,19,0,120
"North America","George Jackson Brigade",1975-05-31,1977-12-24,17,1,938
"North America","Jewish Armed Resistance",1971-12-05,1978-07-10,17,0,2409
"South America","Shining Path (SL)",1978-08-24,2015-10-06,4134,8074,13557
"South America","Revolutionary Armed Forces of Colombia (FARC)",1975-03-01,2015-08-25,2037,3664,14787
"South America","National Liberation Army of Colombia (ELN)",1972-12-01,2015-12-21,1235,1000,15725
"South America","Manuel Rodriguez Patriotic Front (FPMR)",1984-03-07,1997-11-05,799,87,4991
"South America","Tupac Amaru Revolutionary Movement (MRTA)",1984-06-01,1997-08-10,522,186,4818
"South America","M-19 (Movement of April 19)",1976-02-17,1997-10-01,434,624,7897
"South America","Movement of the Revolutionary Left (MIR) (Chile)",1976-07-23,1994-05-15,304,44,6505
"South America","Popular Liberation Army (EPL)",1973-01-06,2014-10-13,215,280,15255
"South America","Simon Bolivar Guerrilla Coordinating Board (CGSB)",1986-05-21,2003-02-25,166,185,6124
"South America","Death Squad",1980-07-10,2001-10-10,154,315,7762
"South America","Narco-Terrorists",1984-11-17,1992-12-28,123,209,2963
"South America","The Extraditables",1988-01-18,1999-03-08,108,180,4067
"South America","United Popular Action Movement",1983-09-01,1994-02-22,108,19,3827
"South America","Montoneros (Argentina)",1970-05-29,1979-11-16,102,82,3458
"South America","Ejercito Revolucionaria del Pueblo (ERP) (Argentina)",1970-09-09,1991-12-11,77,16,7763
"South America","United Self Defense Units of Colombia (AUC)",1999-09-15,2009-03-16,64,328,3470
"South America","Paraguayan People's Army (EPP)",2010-06-17,2015-11-17,52,32,1979
"South America","Tupamaros (Uruguay)",1970-01-02,1971-03-15,40,4,437
"South America","Ricardo Franco Front (Dissident FARC)",1984-05-22,1986-10-23,39,48,884
"South America","Brunswijk Jungle Commando",1986-10-20,1992-10-19,27,12,2191
"South America","Alfaro Vive",1983-08-11,1991-09-04,25,16,2946
"South America","Tupac Katari Guerrilla Army (EGTK)",1991-07-05,1992-11-30,22,5,514
"South America","Red Flag (Venezuela)",1972-06-02,1996-05-13,21,0,8746
"South America","Left-Wing Guerrillas",1979-10-25,2003-06-01,20,57,8620
"South America","Peasant Self-Defense Group (ACCU)",1996-09-21,1998-10-25,19,312,764
"South America","Death to Kidnappers (MAS)",1982-03-07,1984-07-07,18,43,853
"South America","Popular Militia (Colombia)",1989-12-06,1992-12-13,15,5,1103
"South America","Rodrigo Franco Command",1988-06-24,1991-07-13,15,10,1114
"South America","Workers' Self-Defense Movement (MAO)",1978-11-29,1981-05-17,15,4,900
"South America","People's Revolutionary Organization",1992-03-24,1996-07-06,14,1,1565
"South Asia","Taliban",1995-04-20,2015-12-31,4762,16772,7560
"South Asia","Communist Party of India - Maoist (CPI-Maoist)",2005-04-28,2015-12-25,1612,1949,3893
"South Asia","Liberation Tigers of Tamil Eelam (LTTE)",1975-07-27,2010-06-12,1085,6549,12739
"South Asia","Maoists",1979-12-12,2015-12-29,1069,1030,13166
"South Asia","Tehrik-i-Taliban Pakistan (TTP)",2007-12-23,2015-12-29,990,4284,2928
"South Asia","People's Liberation Front (JVP)",1987-08-18,1990-07-30,377,697,1077
"South Asia","Sikh Extremists",1981-10-16,1994-11-06,351,1534,4769
"South Asia","United Liberation Front of Assam (ULFA)",1988-06-28,2015-12-25,292,553,10041
"South Asia","Baloch Republican Army (BRA)",2007-10-20,2015-12-27,238,122,2990
"South Asia","National Democratic Front of Bodoland (NDFB)",1992-10-13,2015-12-29,157,479,8477
"South Asia","Muttahida Qami Movement (MQM)",1990-05-31,2002-05-02,144,119,4354
"South Asia","Garo National Liberation Army",2010-10-09,2015-12-17,136,61,1895
"South Asia","Baloch Liberation Army (BLA)",2005-01-27,2015-12-30,117,213,3989
"South Asia","Lashkar-e-Taiba (LeT)",1999-07-13,2015-12-07,111,738,5991
"South Asia","Hizbul Mujahideen (HM)",1990-01-16,2015-12-24,105,201,9473
"South Asia","Lashkar-e-Jhangvi",1996-08-18,2015-12-13,99,986,7056
"South Asia","People's War Group (PWG)",1989-02-02,2004-04-08,91,372,5544
"South Asia","Pro Hartal Activists",2012-04-29,2015-03-16,91,5,1051
"South Asia","Tamils",1982-06-09,2001-02-23,91,900,6834
"South Asia","Lashkar-e-Islam (Pakistan)",2009-07-01,2015-10-07,87,175,2289
"South Asia","Opposition Group",1991-11-11,2001-02-10,87,10,3379
"South Asia","Shanti Bahini - Peace Force",1986-06-03,1997-02-15,86,383,3910
"South Asia","Separatists",1984-08-13,2015-12-17,74,202,11448
"South Asia","Baloch Liberation Front (BLF)",2009-01-24,2015-12-31,73,103,2532
"South Asia","Janatantrik Terai Mukti Morcha- Jwala Singh (JTMM-J)",2006-12-22,2009-04-25,72,31,855
"South Asia","United Baloch Army (UBA)",2011-11-12,2015-11-28,70,145,1477
"South Asia","National Liberation Front of Tripura (NLFT)",1992-10-10,2015-08-29,69,206,8358
"South Asia","Bangladesh Nationalist Party (BNP)",1990-12-10,2015-12-28,68,11,9149
"South Asia","Naxalites",1979-09-08,2011-11-05,65,402,11746
"South Asia","Haqqani Network",2006-09-10,2015-11-08,64,437,3346
"Southeast Asia","New People's Army (NPA)",1976-02-20,2015-12-22,1504,2106,14550
"Southeast Asia","Abu Sayyaf Group (ASG)",1994-02-18,2015-12-22,349,584,7977
"Southeast Asia","Moro Islamic Liberation Front (MILF)",1986-09-07,2015-12-08,315,608,10684
"Southeast Asia","Separatists",2011-11-20,2015-09-27,232,155,1407
"Southeast Asia","Moro National Liberation Front (MNLF)",1975-07-25,2015-11-22,166,411,14730
"Southeast Asia","Khmer Rouge",1989-07-31,1998-08-13,148,336,3300
"Southeast Asia","Bangsamoro Islamic Freedom Movement (BIFM)",2012-08-05,2015-12-28,147,105,1240
"Southeast Asia","Runda Kumpulan Kecil (RKK)",2008-05-04,2015-10-30,107,39,2735
"Southeast Asia","Free Aceh Movement (GAM)",1977-11-29,2005-01-09,105,117,9903
"Southeast Asia","Karen National Union",1979-03-09,2013-10-17,84,214,12641
"Southeast Asia","Jemaah Islamiya (JI)",2000-12-24,2012-12-14,73,338,4373
"Southeast Asia","Pattani United Liberation Organization (PULO)",1977-06-24,2015-08-22,47,34,13938
"Southeast Asia","Thai Islamic Militants",2005-03-15,2006-05-01,47,29,412
"Southeast Asia","Muslim Separatists",1984-11-19,2010-06-12,37,39,9336
"Southeast Asia","April 6th Liberation Movement",1980-08-23,1980-10-19,30,1,57
"Southeast Asia","Communists",1978-10-19,1986-11-23,29,74,2957
"Southeast Asia","Free Papua Movement (OPM-Organisasi Papua Merdeka)",1992-03-01,2015-09-09,27,43,8592
"Southeast Asia","Kachin Independence Army (KIA)",1988-02-03,2015-07-13,24,26,10022
"Southeast Asia","United Front for Democracy Against Dictatorship",2010-02-27,2015-08-17,23,20,1997
"Southeast Asia","Democratic Karen Buddhist Army (DKBA)",1995-03-09,2014-10-11,18,32,7156
"Southeast Asia","Gunmen",2000-09-17,2011-11-18,15,19.0000000001,4079
"Southeast Asia","Mujahidin Indonesia Timur (MIT)",2012-10-10,2015-10-07,15,18,1092
"Southeast Asia","Muslims",1978-11-03,2000-12-25,14,123,8088
"Southeast Asia","Muslim Fundamentalists",2012-01-08,2015-07-09,12,3,1278
"Southeast Asia","Alex Boncayao Brigade (ABB)",1994-12-15,2008-02-17,11,7,4812
"Southeast Asia","Barisan Revolusi Nasional (BRN)",2002-06-11,2013-09-11,10,20,4110
"Southeast Asia","Opposition Group",1996-07-27,1996-07-27,10,5,0
"Southeast Asia","Muslim Rebels",1976-05-21,1992-08-05,9,23,5920
"Southeast Asia","Al-Khobar",2007-09-15,2015-10-01,8,11,2938
"Southeast Asia","Jamaah Ansharut Tauhid (JAT)",2011-04-15,2012-11-11,8,2,576
"Southeast Asia","Karen Insurgents",1982-02-21,1996-06-05,8,41,5218
"Southeast Asia","Reform of the Armed Forces Movement",1989-12-14,1991-07-16,8,0,579
"Sub-Saharan Africa","Boko Haram",2009-07-27,2015-12-28,1700,15612,2345
"Sub-Saharan Africa","Al-Shabaab",2007-12-31,2015-12-31,1360,3399,2922
"Sub-Saharan Africa","African National Congress (South Africa)",1976-11-30,1996-03-28,526,418,7058
"Sub-Saharan Africa","National Union for the Total Independence of Angola (UNITA)",1978-11-01,2002-04-01,383,2065,8552
"Sub-Saharan Africa","Fulani Militants",2010-04-11,2015-12-13,263,1861,2072
"Sub-Saharan Africa","Lord's Resistance Army (LRA)",1994-08-19,2015-12-17,256,2902.99999998,7790
"Sub-Saharan Africa","Mozambique National Resistance Movement (MNR)",1979-03-23,2014-06-30,212,2197,12883
"Sub-Saharan Africa","Janjaweed",2006-05-16,2015-12-28,167,297,3513
"Sub-Saharan Africa","Allied Democratic Forces (ADF)",1997-02-21,2015-12-27,120,888,6883
"Sub-Saharan Africa","Hutus",1994-02-21,2010-02-19,88,2530,5842
"Sub-Saharan Africa","Movement for the Emancipation of the Niger Delta (MEND)",2006-04-19,2014-05-18,77,278,2951
"Sub-Saharan Africa","Democratic Front for the Liberation of Rwanda (FDLR)",2007-03-10,2015-12-26,64,355,3213
"Sub-Saharan Africa","Movement of Democratic Forces of Casamance",1988-12-22,2015-07-08,61,160,9694
"Sub-Saharan Africa","South-West Africa People's Organization (SWAPO)",1975-08-16,1988-09-01,55,91,4765
"Sub-Saharan Africa","Revolutionary United Front (RUF)",1994-01-31,2000-11-13,54,469.999999999,2478
"Sub-Saharan Africa","Anti-Balaka Militia",2013-12-02,2015-12-28,50,371,756
"Sub-Saharan Africa","Al-Qaida in the Islamic Maghreb (AQIM)",2008-12-14,2015-11-21,42,97,2533
"Sub-Saharan Africa","Sudan People's Liberation Movement - North",2012-01-29,2015-06-25,39,258,1243
"Sub-Saharan Africa","Sudan People's Liberation Army (SPLA)",1986-05-30,2011-05-19,38,181,9120
"Sub-Saharan Africa","Party for the Liberation of the Hutu People (PALIPEHUTU)",1995-07-05,2008-07-27,36,168,4771
"Sub-Saharan Africa","Inkatha Freedom Party (IFP)",1987-03-17,1996-04-25,30,182,3327
"Sub-Saharan Africa","Movement for Oneness and Jihad in West Africa (MUJAO)",2012-04-05,2015-07-06,30,68,1187
"Sub-Saharan Africa","Muslim Fundamentalists",1994-09-01,2015-12-17,29,42,7777
"Sub-Saharan Africa","Mayi Mayi",2001-05-15,2014-09-13,28,79,4869
"Sub-Saharan Africa","Seleka",2014-01-02,2015-12-03,28,305,700
"Sub-Saharan Africa","National Liberation Front (FNL) (Burundi)",2008-04-17,2013-05-18,27,29,1857
"Sub-Saharan Africa","Patriotic Resistance Front in Ituri (FRPI)",2005-05-12,2015-11-21,26,9,3845
"Sub-Saharan Africa","Sudan People's Liberation Movement in Opposition (SPLM-IO)",2014-01-27,2015-11-13,24,504,655
"Sub-Saharan Africa","Zimbabwe African Nationalist Union (ZANU)",1978-01-15,2014-02-25,21,26,13190
"Sub-Saharan Africa","Azawad National Liberation Movement (MNLA)",2012-04-11,2015-05-20,18,65,1134
"Sub-Saharan Africa","Tutsi",1991-11-26,1997-03-25,18,858,1946
"Sub-Saharan Africa","Uganda Freedom Movement (UFM)",1981-02-01,1985-05-30,18,10,1579
"Western Europe","Basque Fatherland and Freedom (ETA)",1970-12-01,2011-04-09,1903,721,14739
"Western Europe","Irish Republican Army (IRA)",1970-06-26,2011-05-21,1879,1065,14939
"Western Europe","Corsican National Liberation Front (FLNC)",1974-03-22,2012-12-08,627,13,14141
"Western Europe","Protestant Extremists",1970-09-30,2013-08-09,252,250,15654
"Western Europe","Ulster Volunteer Force (UVF)",1970-06-27,2015-08-26,241,339,16496
"Western Europe","Ulster Freedom Fighters (UFF)",1972-05-17,2013-12-01,231,179,15173
"Western Europe","Red Brigades",1974-01-01,1990-03-27,212,69,5929
"Western Europe","First of October Antifascist Resistance Group (GRAPO)",1975-01-01,2000-11-17,197,79,9452
"Western Europe","Kurdistan Workers' Party (PKK)",1988-01-04,2015-09-10,166,3,10111
"Western Europe","Corsican National Liberation Front- Historic Channel",1991-01-03,1999-04-10,128,0,3019
"Western Europe","Armenian Secret Army for the Liberation of Armenia",1977-10-20,1997-06-21,117,33,7184
"Western Europe","November 17 Revolutionary Organization (N17RO)",1976-12-14,2001-01-21,106,24,8804
"Western Europe","Irish National Liberation Army (INLA)",1975-05-24,1998-06-24,91,78,8432
"Western Europe","Revolutionary People's Struggle (ELA)",1976-02-27,1995-06-20,84,2,7053
"Western Europe","Irish Republican Extremists",1970-12-23,2010-10-05,74,66,14531
"Western Europe","Resistenza",1990-12-09,1996-01-11,73,0,1859
"Western Europe","Separatists",1981-04-29,2002-10-01,69,0,7825
"Western Europe","Dissident Republicans",2012-01-19,2015-12-03,66,0,1414
"Western Europe","Terra Lliure",1981-05-20,1992-06-29,61,1,4058
"Western Europe","Prima Linea",1976-11-29,1981-11-13,58,16,1810
"Western Europe","Iparretarrak (IK)",1980-03-26,2005-08-11,55,2,9269
"Western Europe","Action Directe",1980-03-18,1989-10-07,52,6,3490
"Western Europe","Baader-Meinhof Group",1971-03-09,1977-09-05,51,8,2372
"Western Europe","Conspiracy of Cells of Fire",2008-02-21,2014-07-02,50,0,2323
"Western Europe","Revolutionary Cells",1973-11-17,1992-01-16,50,1,6634
"Western Europe","Red Army Faction (RAF)",1977-10-13,1991-07-08,48,13,5016
"Western Europe","Free Galician People's Guerrilla Army",1987-02-04,1990-10-11,47,4,1345
"Western Europe","Popular Forces of April 25",1980-05-13,1986-07-15,46,10,2254
"Western Europe","Revolutionary Patriotic Anti-Fascist Front (FRAP)",1973-05-01,1978-02-17,45,6,1753
"Western Europe","Real Irish Republican Army (RIRA)",1998-07-10,2012-04-15,39,33,5028
"Central America & Caribbean","Ex-Somoza National Guard",1980-07-20,1981-11-21,10,24,489
"Central America & Caribbean","Coordination of the United Revolutionary Organization (CORU)",1976-03-03,1976-10-06,9,73,217
"Central America & Caribbean","Maximiliano Hernandez Martinez Brigade",1980-09-13,1992-10-23,7,17,4423
"Central America & Caribbean","Revolutionary Front for Hatian Advancement and Progress (FRAPH)",1994-03-16,1994-10-09,4,39,207
"Central America & Caribbean","Ansar Allah",1994-07-19,1994-07-19,1,21,0
"Central America & Caribbean","Bloque Anti-Guerrillero de Oriente (BAGO)",1980-09-24,1980-09-24,1,14,0
"Central America & Caribbean","Peasant Militants",1980-01-31,1980-01-31,1,37,0
"Central America & Caribbean","Rebel Military Unit",1991-09-30,1991-09-30,1,130,0
"Central America & Caribbean","Salvadoran Guerrillas",1986-11-04,1986-11-04,1,15,0
"Eastern Europe","Chechen Lone Wolf Group",1996-01-09,1996-01-10,2,23,1
"Eastern Europe","Justice Commandos for the Armenian Genocide",1982-09-09,1983-03-09,2,3,181
"Eastern Europe","Serbian Militants",1991-07-18,1991-07-28,2,180,10
"Eastern Europe","Armenian militants",1990-05-28,1990-05-28,1,15,0
"Eastern Europe","Armenians",1978-01-08,1978-01-08,1,4,0
"Eastern Europe","Croatian Militia",1991-11-19,1991-11-19,1,41,0
"Eastern Europe","Hezbollah",2012-07-18,2012-07-18,1,7,0
"Eastern Europe","Sayfullakh",2013-04-30,2013-04-30,1,3,0
"Eastern Europe","Special Purpose Islamic Regiment (SPIR)",2002-10-23,2002-10-23,1,170,0
"Middle East & North Africa","Free Syrian Army",2011-11-20,2015-07-09,43,171,1327
"Middle East & North Africa","Tawhid and Jihad",2002-10-28,2004-10-11,42,808,714
"Middle East & North Africa","Sanaa Province of the Islamic State",2015-03-20,2015-11-13,27,271,238
"Middle East & North Africa","Muslim Rebels",1997-03-01,2001-02-24,21,310,1456
"Middle East & North Africa","Abdullah Azzam Brigades",2004-10-07,2014-07-09,16,171,3562
"Middle East & North Africa","Front for the Liberation of Lebanon from Foreigners",1980-08-27,1983-08-07,11,237,1075
"Middle East & North Africa","Ansar al-Din Front",2015-02-18,2015-04-23,2,206,64
"North America","Institutional Revolutionary Party (PRI)",1997-02-04,1997-11-20,14,100,289
"North America","Popular Revolutionary Army (Mexico)",1996-08-28,2007-07-10,13,9,3968
"North America","Armed Commandos of Liberation",1970-03-05,1971-04-19,12,5,410
"North America","Democratic Revolutionary Party",1990-01-02,1997-10-13,11,5,2841
"North America","Justice Commandos for the Armenian Genocide",1980-10-06,1982-10-22,9,3,746
"North America","Croatian Nationalists",1975-06-23,1979-02-26,7,12,1344
"North America","Al-Qaida",2001-09-11,2001-09-11,4,2996,0
"North America","Gunmen",1996-09-19,2000-02-09,3,6,1238
"North America","Vietnamese Organization to Exterminate Communists and Restore the Nation",1982-08-02,1987-08-07,3,3,1831
"North America","Black Muslims",1973-01-18,1980-07-22,2,8,2742
"North America","Individuals Tending Toward Savagery",2011-12-07,2013-01-31,2,37,421
"North America","Militant Peasants (NFI)",1996-03-20,1996-03-22,2,6,2
"North America","Republic of New Afrika",1972-12-31,1973-01-07,2,10,7
"North America","Evangelical Christians",1995-11-19,1995-11-19,1,8,0
"North America","Jonathan Jackson Brigade",1970-08-07,1970-08-07,1,4,0
"North America","Justice Army for Defenseless Peoples",1997-01-04,1997-01-04,1,4,0
"North America","Movement for Triqui Unification and Struggle",1991-11-18,1991-11-18,1,4,0
"North America","Sikh Extremists",1985-06-23,1985-06-23,1,329,0
"South America","Paramilitaries",1997-01-11,2001-10-20,12,138,1743
"South America","Right-Wing Death Squad",1990-01-07,2001-03-25,12,204,4095
"South America","Right-Wing Paramilitaries",1996-04-01,2012-03-23,11,92,5835
"South America","Right-Wing Extremists",1980-08-29,1991-12-16,8,22,4126
"South America","America Battalion",1986-02-09,1988-03-24,4,25,774
"South America","Commandos for A Popular alternative",1995-08-12,1995-08-13,4,38,1
"South America","Death to Rustlers",1997-02-18,1997-02-18,3,21,0
"South America","Maoists",1985-06-24,1986-10-23,3,23,486
"South America","Hezbollah",1992-03-17,1994-07-18,2,114,853
"South America","National Socialist Civic Workers Movement",1988-03-04,1988-03-28,2,21,24
"South America","Venezuela Cartel",1991-06-28,1991-06-28,1,23,0
"South Asia","Khorasan Chapter of the Islamic State",2014-12-04,2015-12-28,63,175,389
"South Asia","Muslim Militants",1988-10-27,2005-04-06,62,398,6005
"South Asia","Bodo Militants",1989-02-14,1997-12-30,55,277,3241
"South Asia","Maoist Communist Center (MCC)",1986-10-07,2009-12-04,33,193,8459
"South Asia","Al-Qaida",2002-03-17,2011-08-13,32,197,3436
"South Asia","Communist Party of Nepal- Maoist (CPN-M)",1997-02-10,2008-10-01,19,610,4251
"South Asia","Jundallah",2008-08-01,2015-02-18,18,251,2392
"South Asia","Harkatul Jihad-e-Islami",1999-03-07,2015-03-30,14,191,5867
"South Asia","Vigilante Group",1989-10-03,1989-12-09,11,179,67
"South Asia","Deccan Mujahideen",2008-11-01,2008-11-26,8,184,25
"Southeast Asia","Cambodian People's Party (CPP)",1997-07-05,1997-07-10,3,48,5
"Southeast Asia","Mon Guerrillas",1988-11-29,1994-09-18,3,78,2119
"Southeast Asia","Naga People",1992-11-08,1992-11-11,2,50,3
"Southeast Asia","Angels",1985-02-14,1985-02-14,1,30,0
"Southeast Asia","Kokang",2009-09-28,2009-09-28,1,34,0
"Southeast Asia","North Korean involvement commandos",1983-10-09,1983-10-09,1,21,0
"Sub-Saharan Africa","Justice and Equality Movement (JEM)",2006-07-03,2013-11-17,17,261,2694
"Sub-Saharan Africa","Rebels",1994-09-09,2008-02-12,15,271,4904
"Sub-Saharan Africa","Tigray Peoples Liberation Front (TPLF)",1976-05-01,1990-08-02,10,317,5206
"Sub-Saharan Africa","Al-Qaida",1998-08-07,2006-09-18,5,262,2964
"Sub-Saharan Africa","National Resistance Movement (NRM)",1984-02-20,1985-11-10,3,228,629
"Sub-Saharan Africa","Christian extremists",1984-02-13,1984-02-13,1,300,0
"Sub-Saharan Africa","Dissident Military Mmbrs of Northern Tribal Group",1992-09-02,1992-09-02,1,150,0
"Sub-Saharan Africa","Hezbollah",1989-09-19,1989-09-19,1,171,0
"Western Europe","Justice Commandos for the Armenian Genocide",1975-10-22,1984-11-19,32,23,3316
"Western Europe","Black September",1971-08-24,1973-12-17,26,59,846
"Western Europe","Neo-Nazi Group",1979-01-19,2015-04-04,24,23,13224
"Western Europe","Armed Revolutionary Nuclei (NAR)",1978-01-04,1988-08-14,20,86,3875
"Western Europe","Official Irish Republican Army (OIRA)",1971-12-12,1979-09-08,19,26,2827
"Western Europe","Popular Front for the Liberation of Palestine (PFLP)",1970-02-10,1991-01-16,19,23,7645
"Western Europe","Hezbollah",1984-02-07,1988-07-12,17,34,1617
"Western Europe","Abu Nidal Organization (ANO)",1978-08-03,1985-12-27,15,95,2703
"Western Europe","Abu Hafs al-Masri Brigades",2004-03-11,2005-07-21,10,191,497
"Western Europe","Islamic State of Iraq and the Levant (ISIL)",2015-11-13,2015-11-13,8,136,0
"Western Europe","Mafia",1991-11-20,1994-03-19,7,15,850
"Western Europe","Black Order",1974-05-28,1983-08-09,6,24,3360
"Western Europe","Republican Action Force",1975-09-01,1977-04-21,6,24,598
"Western Europe","Palestine Liberation Organization (PLO)",1976-06-27,1988-05-11,5,16,4336
"Western Europe","Secret Organization of al-Qaida in Europe",2005-07-07,2005-07-07,4,56,0
"Western Europe","Popular Front for the Liberation of Palestine, Gen Cmd (PFLP-GC)",1970-02-21,1974-09-08,3,135,1660
"Western Europe","New Order",1977-02-06,1984-12-23,2,15,2877
"Central America & Caribbean","Sandinistas",1982-02-21,1995-06-17,8,3,4864
"Central America & Caribbean","Gunmen",1995-10-03,2002-05-18,7,7,2419
"Central America & Caribbean","Mano Blanca",1978-09-11,1988-05-01,5,0,3520
"Central America & Caribbean","Miskito Indian Organization",1985-06-17,1994-07-02,3,1,3302
"Central America & Caribbean","National Anti Communist Commando",1984-03-06,1987-11-25,3,2,1359
"Central America & Caribbean","Revolutionary Workers Party",1980-06-20,1984-10-01,3,4,1564
"Central America & Caribbean","Guatemalan Communist Party",1980-05-22,1983-09-05,2,13,1201
"Central America & Caribbean","Jamaica Labor Party",1980-04-20,1997-05-06,2,10,6225
"Central America & Caribbean","Marxists",1981-09-23,1987-01-11,2,0,1936
"Central America & Caribbean","Revolutionary Armed Forces of Colombia (FARC)",1997-11-15,2009-02-18,2,2,4113
"Eastern Europe","Armenian Secret Army for the Liberation of Armenia",1982-09-09,1991-12-01,2,1,3370
"Eastern Europe","Cossack Separatists",2014-10-05,2015-02-15,2,2,133
"Eastern Europe","Ingush Rebels",2012-06-08,2014-06-06,2,0,728
"Eastern Europe","Kata'ib al-Khoul",2006-07-19,2008-11-26,2,2,861
"Eastern Europe","Russian separatists",1992-04-13,2014-07-03,2,1,8116
"Middle East & North Africa","Gunmen",1980-04-11,2011-12-29,56,76,11584
"Middle East & North Africa","Al-Fatah",1971-10-04,2008-08-02,49,79,13452
"Middle East & North Africa","Israeli Settler",1980-06-12,2015-11-24,39,57,12948
"Middle East & North Africa","Devrimici Halk Kurtulus Cephesi (DHKP/C)",1994-09-27,2015-08-19,33,25,7631
"Middle East & North Africa","Democratic Front for the Liberation of Palestine (DFLP)",1974-05-18,2011-10-10,32,52,13659
"Middle East & North Africa","Turkish Communist Party/Marxist (TKP-ML)",1990-02-23,2015-07-24,27,15,9282
"Middle East & North Africa","Abu Nidal Organization (ANO)",1976-09-26,1998-10-05,21,147,8044
"Middle East & North Africa","Amal",1980-04-17,2008-05-09,21,22,10249
"Middle East & North Africa","Jewish Extremists",1980-06-02,2015-07-30,11,7,12841
"Middle East & North Africa","Arabs",1979-04-05,1997-10-05,6,2,6758
"Middle East & North Africa","Separatists",1980-02-03,2013-01-30,6,14,12050
"Middle East & North Africa","Syrian Social Nationalist Party",1979-04-13,2008-05-09,5,18,10619
"Middle East & North Africa","Kurdish Democratic Party-Iraq (KDP)",1976-12-18,1995-01-29,4,0,6616
"Middle East & North Africa","Popular Front for the Liberation of Palestine, Gen Cmd (PFLP-GC)",1974-04-11,2013-07-24,4,32,14349
"Middle East & North Africa","Armed People",1980-04-17,2000-08-11,3,5,7421
"Middle East & North Africa","Islamic Unification Movement",1985-08-20,2013-08-23,3,68,10230
"Middle East & North Africa","Anti-Government Group",1981-08-04,2010-06-08,2,2,10535
"Middle East & North Africa","Right-Wing Group",1978-10-09,1995-08-02,2,6,6141
"North America","The Justice Department",1999-08-01,2010-11-16,15,0,4125
"North America","Armenian Secret Army for the Liberation of Armenia",1977-10-03,1985-03-12,11,1,2717
"North America","Jewish Extremists",1974-06-03,1997-02-13,5,0,8291
"North America","Anti-Government Group",1986-07-03,1999-04-10,4,0,4664
"North America","Anti-Castro Group",1978-02-15,1994-11-04,3,0,6106
"North America","Neo-Nazi Group",1970-10-02,1980-12-06,3,0,3718
"North America","Basque Fatherland and Freedom (ETA)",1983-06-01,1992-03-31,2,0,3226
"North America","Mujahedin-e Khalq (MEK)",1981-08-07,1992-04-05,2,0,3894
"South America","Che Guevara Brigade",1978-10-10,1990-06-22,9,0,4273
"South America","Movement of the Revolutionary Left (MIR) (Peru)",1975-06-08,1988-11-18,7,2,4912
"South America","Revolutionary Workers Party",1977-01-31,1985-06-11,7,0,3053
"South America","Marxists",1983-11-30,1995-01-28,5,0,4077
"South America","Rebels",1996-05-31,2003-04-17,5,13,2512
"South America","Ejercito de Liberacion Nacional (Bolivia)",1970-07-21,1991-04-03,3,0,7561
"South America","National Liberation Army (Ecuador)",1989-08-09,2000-02-16,3,0,3843
"South America","Miners",1985-03-06,1997-05-05,2,0,4443
"South Asia","Militants",1984-09-17,2011-12-06,62,89,9941
"South Asia","Jamaat-E-Islami (Bangladesh)",1991-02-09,2015-11-22,60,50,9052
"South Asia","People's Liberation Army (India)",1979-09-22,2015-01-26,44,39,12910
"South Asia","Hizb-I-Islami",1988-08-04,2014-09-06,30,67,9529
"South Asia","Awami League",1981-05-30,2015-12-05,26,24,12607
"South Asia","Sunni Muslims",1992-07-12,2013-11-15,17,51,7796
"South Asia","Muslim Fundamentalists",1994-09-29,2014-09-26,14,8,7302
"South Asia","Jamaat-E-Islami (India/Pakistan)",1992-05-08,2011-07-23,10,7,7015
"South Asia","Babbar Khalsa International (BKI)",1988-10-31,2007-10-14,9,74,6922
"South Asia","Muslims",1979-08-26,2001-12-02,9,167,8134
"South Asia","Communist Party of India- Marxist",1991-09-03,2014-10-05,8,1,8433
"South Asia","Pakistani People's Party (PPP)",1992-05-28,2015-11-19,8,5,8575
"South Asia","Naga People",1984-02-07,2009-06-26,6,52,9271
"South Asia","Tamil Nadu Liberation Army",1995-09-11,2014-03-10,6,0,6755
"South Asia","Kuki Tribal Militants",1994-10-20,2015-07-24,5,37,7582
"South Asia","Insurgents",1981-04-27,2011-11-18,4,7,11162
"South Asia","Khasi Students Union",1992-09-10,2013-11-16,4,3,7737
"Southeast Asia","Muslim Militants",1991-02-08,2009-03-14,6,16,6609
"Southeast Asia","All Burma Students' Democratic Front (ABSDF)",1991-10-28,2009-05-27,5,1,6421
"Southeast Asia","Muslim Extremists",1985-01-21,2002-06-09,5,7,6348
"Southeast Asia","Mon Insurgents",1983-02-14,1994-02-26,4,0,4030
"Southeast Asia","Muslim Guerrillas",1982-12-26,1995-08-12,4,9,4612
"Southeast Asia","Karenni National Progressive Party",1991-09-11,2001-12-30,3,15,3763
"Southeast Asia","Shan State Army - North (SSA-N)",1989-02-23,2015-11-09,3,2,9755
"Southeast Asia","National League for Democracy",1989-07-07,2010-02-17,2,2,7530
"Southeast Asia","Shan Insurgents",1973-04-16,1988-03-11,2,2,5443
"Sub-Saharan Africa","Eritrean Liberation Front",1970-03-14,1992-02-17,17,6,8010
"Sub-Saharan Africa","Tuaregs",1991-05-05,2015-12-10,15,52,8985
"Sub-Saharan Africa","Front for the Liberation of the Enclave of Cabinda (FLEC)",1977-01-15,2010-11-08,14,9,12350
"Sub-Saharan Africa","Sudan Liberation Movement",2001-03-08,2015-03-10,11,20,5115
"Sub-Saharan Africa","Militia Members",2000-02-03,2011-11-16,8,36,4304
"Sub-Saharan Africa","Oromo Liberation Front",1992-04-17,2011-02-01,8,137,6864
"Sub-Saharan Africa","Al-Ittihaad al-Islami (AIAI)",1992-12-17,2005-05-03,5,23,4520
"Sub-Saharan Africa","Pan Africanist Congress (PAC)",1979-06-11,1992-12-03,5,6,4924
"Sub-Saharan Africa","People's Democratic Party (PDP)",2001-12-23,2014-02-09,4,2,4431
"Sub-Saharan Africa","Odua Peoples' Congress (OPC)",2000-01-04,2013-11-20,3,1,5069
"Sub-Saharan Africa","Right-Wing Group",1985-09-25,2002-10-29,3,4,6243
"Sub-Saharan Africa","Angola Rebels",1986-10-30,2001-03-12,2,43,5247
"Sub-Saharan Africa","National Army for the Liberation of Uganda (NALU)",1999-05-30,2013-10-23,2,1,5260
"Sub-Saharan Africa","Pirates",1991-10-22,2008-08-12,2,17,6139
"Sub-Saharan Africa","Union of Congolese Patriots (UPC)",2003-11-05,2015-06-02,2,7,4227
"Western Europe","Anarchists",1990-03-06,2015-12-15,36,1,9415
"Western Europe","Animal Liberation Front (ALF)",1984-12-15,2015-12-02,32,0,11309
"Western Europe","Breton Liberation Front (FLB)",1974-02-14,2014-06-13,32,5,14729
"Western Europe","Corsican Separatists",1979-02-16,2000-10-20,22,1,7917
"Western Europe","Corsican Nationalists",1978-12-09,2014-09-14,9,0,13063
"Western Europe","Red Hand Commandos",1972-02-08,1994-02-17,9,9,8045
"Western Europe","Youths",1980-11-04,2002-01-05,9,0,7732
"Western Europe","Right-Wing Extremists",1979-04-25,2015-08-28,8,1,13274
"Western Europe","Basque Separatists",1981-07-30,2014-09-28,5,1,12113
"Western Europe","Jewish Defense League (JDL)",1970-09-12,2013-12-22,5,0,15807
"Western Europe","National Organization of Cypriot Fighters (EOKA)",1975-03-01,1999-08-14,5,0,8932
"Western Europe","Angry Brigade",1983-08-20,2013-02-12,3,0,10769
"Western Europe","Animal Rights Militia",1982-11-30,2010-12-12,3,0,10239
"Western Europe","Left-Wing Extremists",1980-08-21,2015-11-08,2,0,12862
"Western Europe","Liberation Tigers of Tamil Eelam (LTTE)",1988-03-31,2010-01-20,2,0,7965
